<?xml version="1.0" encoding="UTF-8" standalone="yes"?>
<addon id="repository.ultraprime" name="Ultraprime Repository" version="1.3" provider-name="Anonymous">
    <extension point="xbmc.addon.repository" name="repository.ultraprime">
        <dir>
            <info compressed="false">https://raw.githubusercontent.com/UltraPrime316/ultraprime/master/repo/zips/addons.xml</info>
            <checksum>https://raw.githubusercontent.com/UltraPrime316/ultraprime/master/repo/zips/addons.xml.md5</checksum>
            <datadir zip="true">https://raw.githubusercontent.com/UltraPrime316/ultraprime/master/repo/zips/</datadir>
        </dir>
		<dir minversion="16.0.0" maxversion="18.9.9">
			<info compressed="false">https://raw.githubusercontent.com/thecrewwh/zips/master/_zip/addons.xml</info>
			<checksum>https://raw.githubusercontent.com/thecrewwh/zips/master/_zip/addons.xml.md5</checksum>
			<datadir zip="true">https://raw.githubusercontent.com/thecrewwh/zips/master/_zip</datadir>
			</dir>
		<dir>
			<info compressed="false">https://raw.githubusercontent.com/Gujal00/smrzips/master/addons.xml</info>
			<checksum>https://raw.githubusercontent.com/Gujal00/smrzips/master/addons.xml.md5</checksum>
			<datadir zip="true">https://raw.githubusercontent.com/Gujal00/smrzips/master/zips/</datadir>
		</dir>
		<dir>
			<info compressed="false">https://raw.githubusercontent.com/a4k-openproject/repository.openscrapers/master/zips/addons.xml</info>
			<checksum>https://raw.githubusercontent.com/a4k-openproject/repository.openscrapers/master/zips/addons.xml.md5</checksum>
			<datadir zip="true">https://raw.githubusercontent.com/a4k-openproject/repository.openscrapers/master/zips/</datadir>
		</dir>
		<dir>
			<info compressed="false">https://raw.githubusercontent.com/teamuniversal/scrapers/master/_modules4all/zips/addons.xml</info>
			<checksum>https://raw.githubusercontent.com/teamuniversal/scrapers/master/_modules4all/zips/addons.xml.md5</checksum>
			<datadir zip="true">https://raw.githubusercontent.com/teamuniversal/scrapers/master/_modules4all/zips/</datadir>
		</dir>
		<dir minversion="16.0">
		<info compressed="false">https://raw.githubusercontent.com/aenemapy/aenemapyrepo/master/addons.xml</info>
		<checksum>https://raw.githubusercontent.com/aenemapy/aenemapyrepo/master/addons.xml.md5</checksum>
		<datadir zip="true">https://raw.githubusercontent.com/aenemapy/aenemapyrepo/master/zips/</datadir>
	</dir>
		</extension>
		<extension point="xbmc.addon.metadata">
        <summary>Ultraprime Repository</summary>
        <description>Ultraprime Repository</description>
        <disclaimer></disclaimer>
        <platform>all</platform>
        <assets>
            <icon>icon.png</icon>
            <fanart>fanart.jpg</fanart>
        </assets>
    </extension>
</addon>