<?xml version="1.0" encoding="UTF-8" standalone="yes"?>
<addon id="plugin.program.optimuswiz" name="[COLOR red]Optimus GUI Wizard[/COLOR]" version="1.1" provider-name="Anonomous">
  <requires>
    <import addon="xbmc.python" version="2.1.0"/>
  </requires>
  <extension point="xbmc.python.pluginsource" library="default.py">
        <provides>executable</provides>
  </extension>
  <extension point="xbmc.service" library="startup.py" start="startup" />
  <extension point="xbmc.addon.metadata">
    <summary lang="en">Optimus GUI Wizard</summary>
    <description lang="en">Optimus GUI Wizard</description>
    <platform>all</platform>
	<assets>

			<icon>icon.png</icon>

			<fanart>fanart.jpg</fanart>
	</assets>
  </extension>
</addon>